SNR,BER,BLER
2,0.199375,1.0
5,0.125625,1.0
8,0.048125,1.0
11,0.011875,1.0
14,0.0,1.0
17,0.0,1.0
20,0.0,1.0
